Time,F1,F2,F1 + F2
0,0,1,1
0.0001,0.309016994374947,0.929776485888251,1.2387934802632
0.0002,0.587785252292473,0.728968627421412,1.31675387971388
0.0003,0.809016994374947,0.425779291565073,1.23479628594002
0.0004,0.951056516295153,0.0627905195293133,1.01384703582447
0.0005,1,-0.309016994374947,0.690983005625053
0.0006,0.951056516295154,-0.63742398974869,0.313632526546464
0.0007,0.809016994374947,-0.876306680043864,-0.0672896856689161
0.0008,0.587785252292473,-0.992114701314478,-0.404329449022005
0.0009,0.309016994374947,-0.968583161128631,-0.659566166753684
0.001,-3.21624529935327E-16,-0.809016994374947,-0.809016994374947
0.0011,-0.309016994374948,-0.535826794978996,-0.844843789353944
0.0012,-0.587785252292474,-0.187381314585724,-0.775166566878198
0.0013,-0.809016994374948,0.187381314585726,-0.621635679789222
0.0014,-0.951056516295154,0.535826794978998,-0.415229721316156
0.0015,-1,0.809016994374948,-0.190983005625052
0.0016,-0.951056516295153,0.968583161128631,0.0175266448334781
0.0017,-0.809016994374946,0.992114701314478,0.183097706939531
0.0018,-0.587785252292472,0.876306680043862,0.288521427751391
0.0019,-0.309016994374946,0.637423989748688,0.328406995373742
0.002,6.43249059870655E-16,0.309016994374946,0.309016994374947
0.0021,0.309016994374948,-0.0627905195293145,0.246226474845634
0.0022,0.587785252292473,-0.425779291565073,0.1620059607274
0.0023,0.809016994374947,-0.728968627421411,0.0800483669535362
0.0024,0.951056516295153,-0.929776485888251,0.0212800304069024
0.0025,1,-1,0
0.0026,0.951056516295154,-0.929776485888252,0.0212800304069018
0.0027,0.80901699437495,-0.728968627421414,0.0800483669535361
0.0028,0.587785252292476,-0.425779291565076,0.162005960727401
0.0029,0.309016994374951,-0.0627905195293188,0.246226474845632
0.003,5.69646455794496E-15,0.309016994374942,0.309016994374948
0.0031,-0.309016994374942,0.637423989748685,0.328406995373743
0.0032,-0.587785252292469,0.87630668004386,0.288521427751392
0.0033,-0.809016994374944,0.992114701314477,0.183097706939533
0.0034,-0.951056516295151,0.968583161128633,0.0175266448334818
0.0035,-1,0.809016994374953,-0.190983005625047
0.0036,-0.951056516295156,0.535826794979005,-0.415229721316151
0.0037,-0.809016994374953,0.187381314585735,-0.621635679789218
0.0038,-0.587785252292481,-0.187381314585714,-0.775166566878195
0.0039,-0.309016994374956,-0.535826794978987,-0.844843789353944
0.004,-9.37164291666019E-15,-0.809016994374942,-0.809016994374951
0.0041,0.30901699437494,-0.968583161128629,-0.659566166753689
0.0042,0.587785252292467,-0.992114701314479,-0.404329449022012
0.0043,0.809016994374943,-0.876306680043867,-0.0672896856689241
0.0044,0.951056516295152,-0.637423989748694,0.313632526546458
0.0045,1,-0.309016994374951,0.690983005625049
0.0046,0.951056516295155,0.0627905195293106,1.01384703582447
0.0047,0.80901699437495,0.425779291565068,1.23479628594002
0.0048,0.587785252292475,0.728968627421409,1.31675387971388
0.0049,0.30901699437495,0.929776485888251,1.2387934802632
0.005,6.12323399573677E-16,1,1
0.0051,-0.309016994374948,0.929776485888251,0.620759491513303
0.0052,-0.587785252292473,0.72896862742141,0.141183375128938
0.0053,-0.809016994374948,0.42577929156507,-0.383237702809879
0.0054,-0.951056516295154,0.0627905195293085,-0.888265996765846
0.0055,-1,-0.30901699437495,-1.30901699437495
0.0056,-0.951056516295153,-0.637423989748693,-1.58848050604385
0.0057,-0.809016994374945,-0.876306680043866,-1.68532367441881
0.0058,-0.587785252292468,-0.992114701314479,-1.57989995360695
0.0059,-0.309016994374943,-0.968583161128629,-1.27760015550357
0.006,6.37063927811259E-15,-0.809016994374942,-0.809016994374935
0.0061,0.309016994374955,-0.535826794978987,-0.226809800604032
0.0062,0.587785252292481,-0.187381314585712,0.400403937706769
0.0063,0.809016994374952,0.187381314585735,0.996398308960687
0.0064,0.951056516295157,0.535826794979007,1.48688331127416
0.0065,1,0.809016994374955,1.80901699437496
0.0066,0.95105651629515,0.968583161128635,1.91963967742379
0.0067,0.809016994374941,0.992114701314476,1.80113169568942
0.0068,0.587785252292462,0.876306680043855,1.46409193233632
0.00690000000000001,0.309016994374933,0.637423989748675,0.946440984123608
0.00700000000000001,-1.33536019557989E-14,0.309016994374928,0.309016994374915
0.00710000000000001,-0.309016994374962,-0.0627905195293315,-0.371807513904293
0.00720000000000001,-0.587785252292487,-0.42577929156509,-1.01356454385758
0.00730000000000001,-0.809016994374958,-0.728968627421426,-1.53798562179638
0.00740000000000001,-0.951056516295159,-0.92977648588826,-1.88083300218342
0.00750000000000001,-1,-1,-2
0.00760000000000001,-0.951056516295147,-0.929776485888242,-1.88083300218339
0.00770000000000001,-0.809016994374936,-0.728968627421393,-1.53798562179633
0.00780000000000001,-0.587785252292457,-0.425779291565047,-1.0135645438575
0.00790000000000001,-0.309016994374926,-0.0627905195292876,-0.371807513904214
0.00800000000000001,2.03365646334851E-14,0.30901699437497,0.30901699437499
0.00810000000000001,0.309016994374965,0.637423989748706,0.946440984123671
0.00820000000000001,0.587785252292487,0.876306680043873,1.46409193233636
0.0083,0.809016994374956,0.99211470131448,1.80113169568944
0.0084,0.951056516295158,0.968583161128627,1.91963967742379
0.0085,1,0.809016994374938,1.80901699437494
0.0086,0.951056516295151,0.535826794978984,1.48688331127414
0.0087,0.809016994374943,0.187381314585713,0.996398308960655
0.0088,0.587785252292468,-0.187381314585735,0.400403937706734
0.0089,0.309016994374947,-0.535826794979003,-0.226809800604056
0.009,1.10218211923262E-15,-0.809016994374947,-0.809016994374946
0.0091,-0.309016994374945,-0.96858316112863,-1.27760015550358
0.0092,-0.587785252292469,-0.992114701314478,-1.57989995360695
0.0093,-0.809016994374944,-0.876306680043867,-1.68532367441881
0.0094,-0.951056516295151,-0.637423989748697,-1.58848050604385
0.0095,-1,-0.309016994374959,-1.30901699437496
0.0096,-0.951056516295157,0.0627905195292992,-0.888265996765858
0.0097,-0.809016994374955,0.425779291565058,-0.383237702809898
0.0098,-0.587785252292486,0.728968627421399,0.141183375128913
0.0099,-0.309016994374964,0.929776485888244,0.62075949151328
0.01,-1.89882151931499E-14,1,0.999999999999981
0.0101,0.309016994374928,0.929776485888261,1.23879348026319
0.0102,0.587785252292452,0.72896862742143,1.31675387971388
0.0103,0.809016994374933,0.425779291565099,1.23479628594003
0.0104,0.951056516295144,0.0627905195293447,1.01384703582449
0.0105,1,-0.309016994374916,0.690983005625085
0.0106,0.951056516295164,-0.637423989748662,0.313632526546502
0.0107,0.809016994374966,-0.876306680043845,-0.0672896856688794
0.0108,0.587785252292503,-0.992114701314473,-0.40432944902197
0.0109,0.309016994374981,-0.968583161128642,-0.659566166753661
0.011,4.04269619458676E-14,-0.809016994374973,-0.809016994374933
0.0111,-0.309016994374911,-0.535826794979036,-0.844843789353946
0.0112,-0.587785252292438,-0.187381314585772,-0.77516656687821
0.0113,-0.809016994374923,0.187381314585675,-0.621635679789248
0.0114,-0.951056516295139,0.535826794978952,-0.415229721316187
0.0115,-1,0.809016994374915,-0.190983005625085
0.0116,-0.951056516295169,0.968583161128617,0.0175266448334475
0.0117,-0.809016994374976,0.992114701314485,0.183097706939509
0.0118,-0.587785252292517,0.876306680043893,0.288521427751376
0.0119,-0.309016994374998,0.637423989748739,0.328406995373741
0.012,-5.83129950197848E-14,0.30901699437501,0.309016994374952
0.0121,0.309016994374894,-0.0627905195292457,0.246226474845648
0.0122,0.587785252292423,-0.425779291565009,0.162005960727414
0.0123,0.809016994374912,-0.728968627421362,0.0800483669535499
0.0124,0.951056516295133,-0.929776485888224,0.0212800304069093
0.0125,1,-1,0
0.0126,0.951056516295175,-0.92977648588828,0.0212800304068946
0.0127,0.809016994374991,-0.728968627421467,0.0800483669535243
0.0128,0.587785252292532,-0.425779291565148,0.162005960727384
0.0129,0.309016994375022,-0.0627905195293982,0.246226474845623
0.013,7.61990280937021E-14,0.309016994374864,0.309016994374941
0.0131,-0.30901699437487,0.637423989748621,0.328406995373751
0.0132,-0.587785252292409,0.876306680043819,0.288521427751411
0.0133,-0.809016994374897,0.992114701314466,0.183097706939569
0.0134,-0.951056516295128,0.968583161128655,0.0175266448335272
0.0135,-1,0.809016994375005,-0.190983005624995
0.0136,-0.95105651629518,0.535826794979087,-0.415229721316093
0.0137,-0.809016994375002,0.187381314585832,-0.62163567978917
0.0138,-0.587785252292546,-0.187381314585615,-0.775166566878161
0.0139,-0.309016994375039,-0.535826794978901,-0.844843789353939
0.014,-9.40850611676193E-14,-0.809016994374879,-0.809016994374973
0.0141,0.309016994374853,-0.968583161128602,-0.659566166753749
0.0142,0.587785252292394,-0.992114701314493,-0.404329449022099
0.0143,0.809016994374887,-0.876306680043922,-0.0672896856690356
0.0144,0.951056516295122,-0.637423989748786,0.313632526546337
0.0145,1,-0.309016994375068,0.690983005624932
0.0146,0.951056516295186,0.062790519529185,1.01384703582437
0.0147,0.809016994375012,0.425779291564954,1.23479628593997
0.0148,0.587785252292561,0.728968627421321,1.31675387971388
0.0149,0.309016994375056,0.929776485888202,1.23879348026326
0.015,1.19076521599138E-13,1,1.00000000000012
0.0151,-0.309016994374836,0.929776485888303,0.620759491513467
0.0152,-0.587785252292374,0.728968627421508,0.141183375129134
0.0153,-0.809016994374876,0.425779291565203,-0.383237702809674
0.0154,-0.951056516295115,0.0627905195294589,-0.888265996765656
0.0155,-1,-0.309016994374807,-1.30901699437481
0.0156,-0.951056516295194,-0.637423989748574,-1.58848050604377
0.0157,-0.809016994375023,-0.87630668004379,-1.68532367441881
0.0158,-0.587785252292581,-0.992114701314458,-1.57989995360704
0.0159,-0.309016994375073,-0.96858316112867,-1.27760015550374
0.016,-1.36962554673055E-13,-0.809016994375041,-0.809016994375178
0.0161,0.309016994374819,-0.535826794979132,-0.226809800604314
0.0162,0.587785252292359,-0.187381314585885,0.400403937706475
0.0163,0.809016994374866,0.187381314585562,0.996398308960428
0.0164,0.951056516295109,0.535826794978855,1.48688331127396
0.0165,1,0.809016994374848,1.80901699437485
0.0166,0.951056516295199,0.968583161128588,1.91963967742379
0.0167,0.809016994375033,0.9921147013145,1.80113169568953
0.0168,0.587785252292596,0.876306680043948,1.46409193233654
0.0169,0.30901699437509,0.637423989748827,0.946440984123917
0.017,1.54848587746972E-13,0.309016994375119,0.309016994375274
0.0171,-0.309016994374802,-0.0627905195291244,-0.371807513903926
0.0172,-0.587785252292345,-0.425779291564906,-1.01356454385725
0.0173,-0.809016994374855,-0.728968627421279,-1.53798562179613
0.0174,-0.951056516295103,-0.929776485888182,-1.88083300218329
0.0175,-1,-1,-2
0.0175999999999999,-0.951056516295205,-0.929776485888322,-1.88083300218353
0.0177,-0.809016994375048,-0.72896862742155,-1.5379856217966
0.0177999999999999,-0.58778525229261,-0.425779291565251,-1.01356454385786
0.0178999999999999,-0.309016994375113,-0.0627905195295195,-0.371807513904633
0.0179999999999999,-1.72734620820889E-13,0.309016994374756,0.309016994374583
0.0180999999999999,0.309016994374778,0.637423989748527,0.946440984123305
0.0181999999999999,0.58778525229233,0.876306680043764,1.46409193233609
0.0182999999999999,0.809016994374841,0.992114701314451,1.80113169568929
0.0183999999999999,0.951056516295098,0.968583161128683,1.91963967742378
0.0184999999999999,1,0.809016994375076,1.80901699437508
0.0185999999999999,0.95105651629521,0.535826794979178,1.48688331127439
0.0186999999999999,0.809016994375058,0.187381314585944,0.996398308961003
0.0187999999999999,0.587785252292624,-0.18738131458551,0.400403937707115
0.0188999999999999,0.30901699437513,-0.535826794978804,-0.226809800603674
0.0189999999999999,1.90620653894807E-13,-0.809016994374816,-0.809016994374626
0.0190999999999999,-0.309016994374761,-0.968583161128573,-1.27760015550333
0.0191999999999999,-0.587785252292316,-0.992114701314506,-1.57989995360682
0.0192999999999999,-0.80901699437483,-0.876306680043978,-1.68532367441881
0.0193999999999999,-0.951056516295092,-0.637423989748868,-1.58848050604396
0.0194999999999999,-1,-0.309016994375177,-1.30901699437518
0.0195999999999999,-0.951056516295216,0.0627905195290779,-0.888265996766138
0.0196999999999999,-0.809016994375069,0.425779291564851,-0.383237702810218
0.0197999999999999,-0.587785252292639,0.728968627421247,0.141183375128608
0.0198999999999999,-0.309016994375147,0.929776485888159,0.620759491513012
0.0199999999999999,-2.15612114326325E-13,1,0.999999999999784
0.0200999999999999,0.309016994374744,0.929776485888345,1.23879348026309
0.0201999999999999,0.587785252292296,0.728968627421582,1.31675387971388
0.0202999999999999,0.80901699437482,0.425779291565306,1.23479628594013
0.0203999999999999,0.951056516295085,0.0627905195295802,1.01384703582467
0.0204999999999999,1,-0.309016994374698,0.690983005625302
0.0205999999999999,0.951056516295221,-0.63742398974848,0.313632526546741
0.0206999999999999,0.809016994375084,-0.876306680043735,-0.0672896856686516
0.0207999999999999,0.587785252292659,-0.992114701314443,-0.404329449021784
0.0208999999999999,0.309016994375164,-0.968583161128698,-0.659566166753534
0.0209999999999999,2.26392720042641E-13,-0.809016994375112,-0.809016994374886
0.0210999999999999,-0.30901699437472,-0.535826794979229,-0.844843789353949
0.0211999999999999,-0.587785252292281,-0.187381314586004,-0.775166566878285
0.0212999999999999,-0.809016994374809,0.18738131458545,-0.621635679789359
0.0213999999999999,-0.951056516295081,0.535826794978753,-0.415229721316329
0.0214999999999999,-1,0.809016994374781,-0.190983005625219
0.0215999999999999,-0.951056516295229,0.968583161128558,0.0175266448333292
0.0216999999999999,-0.80901699437509,0.992114701314514,0.183097706939424
0.0217999999999999,-0.587785252292668,0.876306680044007,0.288521427751339
0.0218999999999999,-0.309016994375188,0.637423989748915,0.328406995373727
0.0219999999999999,-2.51384180474159E-13,0.309016994375234,0.309016994374983
0.0220999999999999,0.30901699437471,-0.0627905195290173,0.246226474845693
0.0221999999999999,0.587785252292273,-0.425779291564796,0.162005960727477
0.0222999999999999,0.809016994374794,-0.728968627421205,0.080048366953589
0.0223999999999999,0.951056516295074,-0.929776485888137,0.0212800304069365
0.0224999999999999,1,-1,0
0.0225999999999999,0.951056516295237,-0.929776485888367,0.0212800304068697
0.0226999999999999,0.809016994375105,-0.728968627421623,0.0800483669534812
0.0227999999999999,0.587785252292688,-0.425779291565361,0.162005960727327
0.0228999999999999,0.309016994375198,-0.0627905195296266,0.246226474845572
0.0229999999999999,2.76375640905677E-13,0.30901699437464,0.309016994374916
0.0230999999999999,-0.309016994374686,0.637423989748445,0.328406995373758
0.0231999999999999,-0.587785252292252,0.876306680043706,0.288521427751453
0.0232999999999999,-0.809016994374788,0.992114701314437,0.183097706939649
0.0233999999999999,-0.951056516295066,0.968583161128714,0.0175266448336476
0.0234999999999999,-1,0.80901699437514,-0.19098300562486
0.0235999999999999,-0.95105651629524,0.53582679497928,-0.41522972131596
0.0236999999999999,-0.809016994375111,0.18738131458605,-0.621635679789061
0.0237999999999999,-0.587785252292708,-0.18738131458539,-0.775166566878099
0.0238999999999999,-0.309016994375222,-0.535826794978713,-0.844843789353936
0.0239999999999999,-2.87156246621994E-13,-0.809016994374745,-0.809016994375032
0.0240999999999999,0.309016994374676,-0.968583161128547,-0.659566166753871
0.0241999999999999,0.587785252292232,-0.992114701314521,-0.404329449022289
0.0242999999999999,0.809016994374773,-0.876306680044029,-0.0672896856692559
0.0243999999999999,0.951056516295063,-0.637423989748962,0.313632526546101
0.0244999999999999,1,-0.309016994375279,0.690983005624721
0.0245999999999999,0.951056516295248,0.0627905195289566,1.0138470358242
0.0246999999999999,0.809016994375126,0.425779291564754,1.23479628593988
0.0247999999999999,0.587785252292717,0.728968627421164,1.31675387971388
0.0248999999999999,0.309016994375246,0.92977648588812,1.23879348026337
0.0249999999999999,3.12147707053512E-13,1,1.00000000000031
0.0250999999999999,-0.309016994374652,0.929776485888389,0.620759491513737
0.0251999999999999,-0.587785252292223,0.728968627421665,0.141183375129442
0.0252999999999999,-0.809016994374759,0.425779291565416,-0.383237702809343
0.0253999999999999,-0.951056516295055,0.0627905195296873,-0.888265996765368
0.0254999999999999,-1,-0.309016994374582,-1.30901699437458
0.0255999999999999,-0.951056516295251,-0.637423989748398,-1.58848050604365
0.0256999999999999,-0.80901699437514,-0.876306680043677,-1.68532367441882
0.0257999999999999,-0.587785252292737,-0.99211470131443,-1.57989995360717
0.0258999999999999,-0.309016994375256,-0.968583161128729,-1.27760015550398
0.0259999999999999,-3.22928312769828E-13,-0.809016994375175,-0.809016994375498
0.0260999999999999,0.309016994374628,-0.535826794979332,-0.226809800604703
0.0261999999999999,0.587785252292203,-0.187381314586109,0.400403937706094
0.0262999999999999,0.809016994374752,0.187381314585331,0.996398308960083
0.0263999999999999,0.951056516295052,0.535826794978662,1.48688331127371
0.0264999999999999,1,0.809016994374709,1.80901699437471
0.0265999999999999,0.951056516295259,0.968583161128532,1.91963967742379
0.0266999999999999,0.809016994375147,0.992114701314529,1.80113169568968
0.0267999999999999,0.587785252292746,0.876306680044059,1.4640919323368
0.0268999999999999,0.30901699437528,0.637423989749009,0.946440984124289
0.0269999999999999,3.47919773201346E-13,0.309016994375336,0.309016994375684
0.0270999999999999,-0.309016994374618,-0.062790519528896,-0.371807513903514
0.0271999999999999,-0.587785252292195,-0.425779291564699,-1.01356454385689
0.0272999999999999,-0.809016994374738,-0.728968627421122,-1.53798562179586
0.0273999999999999,-0.951056516295044,-0.929776485888098,-1.88083300218314
0.0274999999999999,-1,-1,-2
0.0275999999999999,-0.951056516295266,-0.929776485888407,-1.88083300218367
0.0276999999999999,-0.809016994375161,-0.728968627421707,-1.53798562179687
0.0277999999999999,-0.587785252292766,-0.425779291565458,-1.01356454385822
0.0278999999999999,-0.30901699437529,-0.0627905195297479,-0.371807513905038
0.0279999999999999,-3.72911233632865E-13,0.309016994374538,0.309016994374165
0.0280999999999999,0.309016994374594,0.637423989748351,0.946440984122945
0.0281999999999999,0.587785252292174,0.876306680043654,1.46409193233583
0.0282999999999999,0.809016994374731,0.992114701314422,1.80113169568915
0.0283999999999999,0.951056516295036,0.96858316112874,1.91963967742378
0.0284999999999999,1,0.809016994375211,1.80901699437521
0.0285999999999999,0.95105651629527,0.535826794979371,1.48688331127464
0.0286999999999999,0.809016994375168,0.187381314586169,0.996398308961337
0.0287999999999999,0.587785252292786,-0.187381314585285,0.400403937707501
0.0288999999999999,0.309016994375314,-0.535826794978611,-0.226809800603297
0.0289999999999999,3.83691839349181E-13,-0.809016994374682,-0.809016994374298
0.0290999999999999,-0.309016994374584,-0.968583161128516,-1.2776001555031
0.0291999999999999,-0.587785252292154,-0.992114701314535,-1.57989995360669
0.0292999999999999,-0.809016994374717,-0.876306680044088,-1.6853236744188
0.0293999999999999,-0.951056516295033,-0.637423989749045,-1.58848050604408
0.0294999999999999,-1,-0.309016994375394,-1.30901699437539
0.0295999999999999,-0.951056516295278,0.0627905195288353,-0.888265996766442
0.0296999999999999,-0.809016994375182,0.425779291564644,-0.383237702810539
0.0297999999999999,-0.587785252292795,0.728968627421081,0.141183375128286
0.0298999999999999,-0.309016994375338,0.929776485888075,0.620759491512737
0.0299999999999999,-4.08683299780699E-13,1,0.999999999999591
0.0300999999999999,0.30901699437456,0.929776485888429,1.23879348026299
0.0301999999999999,0.587785252292145,0.728968627421748,1.31675387971389
0.0302999999999999,0.809016994374702,0.425779291565513,1.23479628594022
0.0303999999999999,0.951056516295025,0.0627905195298086,1.01384703582483
0.0304999999999999,1,-0.30901699437448,0.69098300562552
0.0305999999999999,0.951056516295281,-0.637423989748304,0.313632526546977
0.0306999999999999,0.809016994375197,-0.876306680043625,-0.0672896856684277
0.0307999999999999,0.587785252292815,-0.992114701314415,-0.404329449021599
0.0308999999999999,0.309016994375348,-0.968583161128755,-0.659566166753407
0.0309999999999999,4.19463905497015E-13,-0.809016994375247,-0.809016994374827
0.0310999999999999,-0.309016994374537,-0.535826794979422,-0.844843789353959
0.0311999999999999,-0.587785252292125,-0.187381314586229,-0.775166566878354
0.0312999999999999,-0.809016994374704,0.187381314585239,-0.621635679789465
0.0313999999999999,-0.951056516295026,0.535826794978584,-0.415229721316443
0.0314999999999999,-1,0.809016994374671,-0.190983005625329
0.0315999999999999,-0.951056516295276,0.968583161128515,0.01752664483324
0.0316999999999999,-0.80901699437517,0.992114701314535,0.183097706939365
0.0317999999999999,-0.587785252292778,0.876306680044076,0.288521427751298
0.0318999999999999,-0.309016994375291,0.637423989749026,0.328406995373735
0.0319999999999999,-3.59190237637322E-13,0.309016994375344,0.309016994374985
0.0320999999999999,0.309016994374621,-0.0627905195289023,0.246226474845719
0.0321999999999999,0.587785252292197,-0.425779291564704,0.162005960727492
0.0322999999999999,0.809016994374756,-0.728968627421146,0.0800483669536101
0.0323999999999999,0.951056516295053,-0.92977648588811,0.021280030406943
0.0324999999999999,1,-1,0
0.0325999999999999,0.951056516295248,-0.929776485888383,0.0212800304068647
0.0326999999999999,0.809016994375118,-0.728968627421654,0.0800483669534643
0.0327999999999999,0.587785252292706,-0.425779291565375,0.162005960727331
0.0328999999999999,0.309016994375206,-0.0627905195296423,0.246226474845564
0.0329999999999999,2.70494860347224E-13,0.309016994374652,0.309016994374923
0.0330999999999999,-0.309016994374705,0.637423989748454,0.328406995373749
0.0331999999999999,-0.587785252292269,0.876306680043726,0.288521427751457
0.0332999999999999,-0.809016994374808,0.992114701314443,0.183097706939634
0.0333999999999999,-0.951056516295081,0.9685831611287,0.0175266448336189
0.0334999999999999,-1,0.809016994375098,-0.190983005624901
0.0335999999999999,-0.951056516295221,0.53582679497921,-0.415229721316011
0.0336999999999999,-0.809016994375066,0.187381314585954,-0.621635679789112
0.0337999999999999,-0.587785252292635,-0.187381314585501,-0.775166566878135
0.0338999999999999,-0.309016994375122,-0.535826794978808,-0.84484378935393
0.0339999999999999,-1.81799483057126E-13,-0.809016994374819,-0.809016994375001
0.0340999999999999,0.30901699437479,-0.968583161128582,-0.659566166753792
0.0341999999999999,0.58778525229234,-0.9921147013145,-0.40432944902216
0.0343,0.80901699437486,-0.876306680043941,-0.0672896856690806
0.0344,0.951056516295108,-0.637423989748821,0.313632526546288
0.0345,1,-0.309016994375091,0.690983005624909
0.0346,0.951056516295193,0.0627905195291821,1.01384703582438
0.0347,0.809016994375014,0.425779291564945,1.23479628593996
0.0348,0.587785252292563,0.728968627421328,1.31675387971389
0.0349,0.309016994375038,0.929776485888214,1.23879348026325
0.035,9.31041057670283E-14,1,1.00000000000009
0.0351,-0.309016994374874,0.929776485888285,0.620759491513411
0.0352,-0.587785252292412,0.728968627421462,0.14118337512905
0.0353,-0.809016994374912,0.425779291565122,-0.383237702809791
0.0354,-0.951056516295136,0.0627905195293767,-0.888265996765759
0.0355,-1,-0.309016994374905,-1.30901699437491
0.0356,-0.951056516295166,-0.63742398974867,-1.58848050604384
0.0357,-0.809016994374961,-0.876306680043847,-1.68532367441881
0.0358,-0.587785252292491,-0.992114701314476,-1.57989995360697
0.0359,-0.309016994374953,-0.96858316112863,-1.27760015550358
0.036,-4.40872847693047E-15,-0.809016994374951,-0.809016994374955
0.0361,0.309016994374958,-0.535826794978985,-0.226809800604026
0.0362,0.587785252292484,-0.187381314585692,0.400403937706792
0.0363,0.809016994374965,0.187381314585776,0.996398308960741
0.0364,0.951056516295163,0.535826794979033,1.4868833112742
0.0365,1,0.809016994374984,1.80901699437498
0.0366,0.951056516295139,0.968583161128651,1.91963967742379
0.0367,0.809016994374909,0.992114701314469,1.80113169568938
0.0368,0.587785252292419,0.87630668004382,1.46409193233624
0.0369,0.309016994374869,0.637423989748605,0.946440984123474
0.037,-8.42866488131673E-14,0.309016994374824,0.30901699437474
0.0371,-0.309016994375043,-0.0627905195294335,-0.371807513904476
0.0372,-0.587785252292567,-0.425779291565199,-1.01356454385777
0.0373,-0.809016994375017,-0.72896862742152,-1.53798562179654
0.0374,-0.951056516295195,-0.929776485888306,-1.8808330021835
0.0375,-1,-1,-2
0.0376000000000001,-0.951056516295107,-0.929776485888182,-1.88083300218329
0.0377000000000001,-0.809016994374857,-0.728968627421289,-1.53798562179615
0.0378000000000001,-0.587785252292336,-0.425779291564894,-1.01356454385723
0.0379000000000001,-0.309016994374785,-0.062790519529097,-0.371807513903882
0.0380000000000001,1.87192880818467E-13,0.309016994375172,0.309016994375359
0.0381000000000001,0.309016994375127,0.637423989748864,0.946440984123992
0.0382000000000001,0.587785252292639,0.876306680043982,1.46409193233662
0.0383000000000001,0.809016994375069,0.992114701314511,1.80113169568958
0.0384000000000001,0.951056516295222,0.968583161128568,1.91963967742379
0.0385000000000001,1,0.809016994374786,1.80901699437479
0.0386000000000001,0.951056516295079,0.535826794978748,1.48688331127383
0.0387000000000001,0.809016994374805,0.187381314585417,0.996398308960222
0.0388000000000001,0.587785252292264,-0.187381314586023,0.400403937706241
0.0389000000000001,0.3090169943747,-0.53582679497927,-0.226809800604569
0.0390000000000001,-2.75888258108565E-13,-0.809016994375149,-0.809016994375425
0.0391000000000001,-0.309016994375211,-0.968583161128714,-1.27760015550393
0.0392000000000001,-0.587785252292711,-0.992114701314434,-1.57989995360714
0.0393000000000001,-0.809016994375121,-0.876306680043685,-1.68532367441881
0.0394000000000001,-0.95105651629525,-0.637423989748411,-1.58848050604366
0.0395000000000001,-1,-0.309016994374585,-1.30901699437458
0.0396000000000001,-0.951056516295052,0.0627905195297132,-0.888265996765339
0.0397000000000001,-0.809016994374753,0.425779291565452,-0.3832377028093
0.0398000000000001,-0.587785252292192,0.728968627421693,0.1411833751295
0.0399000000000001,-0.309016994374616,0.92977648588841,0.620759491513794
0.0400000000000001,3.64583635398663E-13,1,1.00000000000036
0.0401000000000001,0.309016994375296,0.92977648588809,1.23879348026339
0.0402000000000001,0.587785252292782,0.728968627421097,1.31675387971388
0.0403000000000001,0.809016994375173,0.42577929156464,1.23479628593981
0.0404000000000001,0.951056516295277,0.0627905195288456,1.01384703582412
0.0405000000000001,1,-0.309016994375411,0.690983005624589
0.0406000000000001,0.951056516295024,-0.63742398974908,0.313632526545944
0.0407000000000001,0.809016994374701,-0.876306680044117,-0.0672896856694163
0.0408000000000001,0.587785252292121,-0.992114701314543,-0.404329449022422
0.0409000000000001,0.309016994374518,-0.968583161128498,-0.65956616675398
0.0410000000000002,-4.39068157973559E-13,-0.809016994374621,-0.80901699437506
0.0411000000000001,-0.30901699437538,-0.535826794978536,-0.844843789353916
0.0412000000000002,-0.587785252292854,-0.187381314585169,-0.775166566878024
0.0413000000000002,-0.809016994375234,0.187381314586299,-0.621635679788935
0.0414000000000002,-0.9510565162953,0.535826794979506,-0.415229721315794
0.0415000000000002,-1,0.809016994375297,-0.190983005624703
0.0416000000000002,-0.951056516294997,0.968583161128784,0.0175266448337866
0.0417000000000002,-0.80901699437464,0.992114701314399,0.183097706939758
0.0418000000000002,-0.58778525229206,0.876306680043563,0.288521427751503
0.0419000000000002,-0.309016994374447,0.637423989748195,0.328406995373747
0.0420000000000002,5.41974389978858E-13,0.309016994374318,0.30901699437486
0.0421000000000002,0.309016994375478,-0.0627905195299646,0.246226474845513
0.0422000000000002,0.587785252292914,-0.42577929156568,0.162005960727234
0.0423000000000002,0.809016994375277,-0.728968627421884,0.080048366953393
0.0424000000000002,0.951056516295332,-0.929776485888513,0.0212800304068192
0.0425000000000002,1,-1,0
0.0426000000000002,0.951056516294974,-0.929776485887986,0.0212800304069877
0.0427000000000002,0.809016994374596,-0.728968627420906,0.0800483669536909
0.0428000000000002,0.587785252291977,-0.425779291564412,0.162005960727565
0.0429000000000002,0.309016994374349,-0.0627905195285659,0.246226474845783
0.0430000000000002,-6.16458912553754E-13,0.309016994375678,0.309016994375061
0.0431000000000002,-0.309016994375549,0.637423989749296,0.328406995373747
0.0432000000000002,-0.587785252292998,0.876306680044238,0.288521427751241
0.0433000000000002,-0.809016994375338,0.992114701314578,0.18309770693924
0.0434000000000002,-0.951056516295355,0.968583161128428,0.0175266448330731
0.0435000000000002,-1,0.809016994374473,-0.190983005625527
0.0436000000000002,-0.951056516294942,0.535826794978299,-0.415229721316643
0.0437000000000002,-0.809016994374536,0.187381314584894,-0.621635679789642
0.0438000000000002,-0.587785252291917,-0.187381314586546,-0.775166566878463
0.0439000000000002,-0.309016994374278,-0.535826794979719,-0.844843789353997
0.0440000000000002,7.19365144559054E-13,-0.809016994375461,-0.809016994374742
0.0441000000000002,0.309016994375647,-0.968583161128853,-0.659566166753207
0.0442000000000002,0.587785252293058,-0.992114701314367,-0.404329449021309
0.0443000000000002,0.809016994375382,-0.876306680043428,-0.0672896856680465
0.0444000000000002,0.951056516295387,-0.637423989747979,0.313632526547408
0.0445000000000003,1,-0.309016994374078,0.690983005625921
0.0446000000000003,0.95105651629491,0.0627905195302443,1.01384703582515
0.0447000000000003,0.809016994374492,0.425779291565934,1.23479628594043
0.0448000000000003,0.587785252291834,0.728968627422076,1.31675387971391
0.0449000000000003,0.309016994374181,0.929776485888605,1.23879348026279
0.0450000000000003,-8.22271376564354E-13,1,0.999999999999178
0.0451000000000003,-0.309016994375718,0.929776485887883,0.620759491512166
0.0452000000000003,-0.587785252293141,0.728968627420733,0.141183375127592
0.0453000000000003,-0.809016994375442,0.425779291564159,-0.383237702811283
0.0454000000000003,-0.951056516295419,0.0627905195282861,-0.888265996767133
0.0455000000000003,-1,-0.309016994375918,-1.30901699437592
0.0456000000000003,-0.951056516294887,-0.63742398974949,-1.58848050604438
0.0457000000000003,-0.809016994374432,-0.876306680044373,-1.68532367441881
0.0458000000000003,-0.587785252291751,-0.992114701314613,-1.57989995360636
0.0459000000000003,-0.30901699437411,-0.968583161128365,-1.27760015550248
0.0460000000000003,8.96755899139249E-13,-0.809016994374308,-0.809016994373411
0.0461000000000003,0.309016994375815,-0.535826794978062,-0.226809800602247
0.0462000000000003,0.587785252293224,-0.187381314584647,0.400403937708578
0.0463000000000003,0.809016994375486,0.187381314586821,0.996398308962307
0.0464000000000003,0.951056516295442,0.535826794979956,1.4868833112754
0.0465000000000003,1,0.80901699437561,1.80901699437561
0.0466000000000003,0.951056516294856,0.968583161128916,1.91963967742377
0.0467000000000003,0.809016994374388,0.992114701314332,1.80113169568872
0.0468000000000003,0.58778525229169,0.876306680043293,1.46409193233498
0.0469000000000003,0.309016994374012,0.637423989747785,0.946440984121796
0.0470000000000003,-9.99662131144549E-13,0.309016994373812,0.309016994372812
0.0471000000000003,-0.309016994375886,-0.0627905195305241,-0.37180751390641
0.0472000000000003,-0.587785252293285,-0.425779291566162,-1.01356454385945
0.0473000000000003,-0.809016994375546,-0.728968627422249,-1.5379856217978
0.0474000000000003,-0.951056516295473,-0.929776485888709,-1.88083300218418
0.0475000000000003,-1,-1,-2
0.0476000000000003,-0.951056516294833,-0.929776485887791,-1.88083300218262
0.0477000000000003,-0.809016994374328,-0.728968627420541,-1.53798562179487
0.0478000000000003,-0.587785252291607,-0.425779291563905,-1.01356454385551
0.0479000000000004,-0.309016994373941,-0.0627905195280347,-0.371807513901976
0.0480000000000003,1.07414665371945E-12,0.309016994376184,0.309016994377258
0.0481000000000004,0.309016994375984,0.637423989749706,0.946440984125691
0.0482000000000004,0.587785252293368,0.876306680044495,1.46409193233786
0.0483000000000004,0.80901699437559,0.992114701314644,1.80113169569023
0.0484000000000004,0.951056516295497,0.968583161128296,1.91963967742379
0.0485000000000004,1,0.809016994374143,1.80901699437414
0.0486000000000004,0.951056516294801,0.53582679497785,1.48688331127265
0.0487000000000004,0.809016994374284,0.187381314584371,0.996398308958655
0.0488000000000004,0.587785252291547,-0.187381314587097,0.40040393770445
0.0489000000000004,0.309016994373843,-0.535826794980168,-0.226809800606325
0.0490000000000004,-1.17705288572474E-12,-0.809016994375774,-0.809016994376951
0.0491000000000004,-0.309016994376055,-0.968583161128986,-1.27760015550504
0.0492000000000004,-0.587785252293428,-0.992114701314297,-1.57989995360773
0.0493000000000004,-0.809016994375651,-0.876306680043172,-1.68532367441882
0.0494000000000004,-0.951056516295528,-0.637423989747569,-1.5884805060431
0.0495000000000004,-1,-0.309016994373545,-1.30901699437355
0.0496000000000004,-0.951056516294778,0.0627905195307754,-0.888265996764002
0.0497000000000004,-0.809016994374223,0.425779291566416,-0.383237702807808
0.0498000000000004,-0.587785252291464,0.728968627422441,0.141183375130977
0.0499000000000004,-0.309016994373772,0.929776485888801,0.620759491515029
0.0500000000000004,1.25153740829964E-12,1,1.00000000000125
0.0501000000000004,0.309016994376153,0.929776485887687,1.23879348026384
0.0502000000000004,0.587785252293511,0.728968627420349,1.31675387971386
0.0503000000000004,0.809016994375694,0.425779291563677,1.23479628593937
0.0504000000000004,0.951056516295551,0.062790519527755,1.01384703582331
0.0505000000000004,1,-0.309016994376451,0.690983005623549
0.0506000000000004,0.951056516294746,-0.6374239897499,0.313632526544845
0.0507000000000004,0.80901699437418,-0.87630668004463,-0.0672896856704504
0.0508000000000004,0.587785252291403,-0.99211470131468,-0.404329449023276
0.0509000000000004,0.309016994373674,-0.968583161128233,-0.659566166754559
0.0510000000000004,-1.35444364030494E-12,-0.809016994373995,-0.80901699437535
